id,deviceid,servertime,latitude,longitude,speed
84158180,305,2019-12-31 11:15:07,27.69183,85.32720833333333,0.1
84158743,305,2019-12-31 11:15:37,27.69183333333333,85.32718166666666,0.45
84159285,305,2019-12-31 11:16:07,27.691821666666662,85.32723,0.6
84159817,305,2019-12-31 11:16:37,27.69184333333333,85.32724,0.28
84160356,305,2019-12-31 11:17:06,27.691745,85.327055,0.28
84160893,305,2019-12-31 11:17:36,27.691783333333333,85.32712833333333,0.1
84161423,305,2019-12-31 11:18:06,27.69185166666667,85.32713333333334,0.07
84161957,305,2019-12-31 11:18:36,27.691861666666668,85.32713,0.13
84162499,305,2019-12-31 11:19:06,27.691875,85.32714666666666,0.12
84163056,305,2019-12-31 11:19:35,27.691881666666667,85.32714833333333,0.12
84163588,305,2019-12-31 11:20:05,27.691885,85.327135,0.08
84164114,305,2019-12-31 11:20:35,27.69187833333333,85.32712333333333,0.15
84164645,305,2019-12-31 11:21:05,27.691861666666668,85.32709666666666,0.08
84165173,305,2019-12-31 11:21:34,27.69187833333333,85.32712666666667,0.08
84165712,305,2019-12-31 11:22:04,27.691891666666667,85.32714333333334,0.11
84166255,305,2019-12-31 11:22:34,27.6919,85.327145,0.08
84166790,305,2019-12-31 11:23:04,27.69189833333333,85.32714333333334,0.16
84167370,305,2019-12-31 11:23:34,27.69189833333333,85.32712666666667,0.19
84167891,305,2019-12-31 11:24:03,27.691906666666668,85.32710333333333,0.01
84168425,305,2019-12-31 11:24:33,27.691905,85.32712333333333,0.02
84168949,305,2019-12-31 11:25:03,27.69193333333333,85.32709,0.08
84169497,305,2019-12-31 11:25:33,27.691951666666668,85.32705333333334,0.17
84170049,305,2019-12-31 11:26:03,27.69194833333333,85.32705166666666,0.1
84170608,305,2019-12-31 11:26:32,27.691935,85.32707666666667,0.06
84171164,305,2019-12-31 11:27:02,27.69190333333333,85.32713333333334,0.23
84171694,305,2019-12-31 11:27:32,27.691893333333333,85.32713,0.06
84172231,305,2019-12-31 11:28:02,27.69189833333333,85.32709333333334,0.09
84172763,305,2019-12-31 11:28:31,27.69193,85.32705333333334,0.13
84173319,305,2019-12-31 11:29:01,27.69193,85.32706833333333,0.11
84173845,305,2019-12-31 11:29:31,27.69192,85.327055,0.2
84174387,305,2019-12-31 11:30:01,27.69189666666667,85.32708166666667,0.21
84174938,305,2019-12-31 11:30:31,27.691883333333333,85.32711166666667,0.2
84175535,305,2019-12-31 11:31:00,27.691865,85.32709333333334,0.18
84176055,305,2019-12-31 11:31:30,27.69187,85.32710333333333,0.13
84176583,305,2019-12-31 11:32:00,27.69188,85.32708166666667,0.28
84177120,305,2019-12-31 11:32:30,27.69189,85.32707166666667,0.29
84177679,305,2019-12-31 11:33:00,27.69185333333333,85.32708333333333,0.06
84178225,305,2019-12-31 11:33:30,27.69186333333333,85.32707666666667,0.15
84178781,305,2019-12-31 11:33:59,27.691836666666667,85.3271,0.16
84179301,305,2019-12-31 11:34:29,27.69178,85.32704666666666,0.29
84179858,305,2019-12-31 11:34:59,27.691793333333333,85.32705333333334,0.39
84180436,305,2019-12-31 11:35:28,27.69182333333333,85.32704833333334,0.6
84180963,305,2019-12-31 11:35:58,27.69183,85.32695333333334,0.45
84181483,305,2019-12-31 11:36:28,27.691805,85.32702666666667,0.36
84182039,305,2019-12-31 11:36:58,27.691825,85.32706833333333,0.44
84182590,305,2019-12-31 11:37:28,27.69186,85.32706666666667,0.18
84183138,305,2019-12-31 11:37:57,27.691845,85.32704833333334,0.16
84183669,305,2019-12-31 11:38:27,27.691831666666666,85.32703,0.35
84184195,305,2019-12-31 11:38:57,27.691781666666667,85.32713,1.44
84184722,305,2019-12-31 11:39:27,27.691825,85.32704333333334,0.26
84185245,305,2019-12-31 11:39:56,27.69185166666667,85.32713833333334,0.51
84185759,305,2019-12-31 11:40:27,27.69181833333333,85.32713,0.22
84186278,305,2019-12-31 11:40:56,27.69185166666667,85.327115,0.51
84186800,305,2019-12-31 11:41:26,27.691841666666665,85.32712333333333,0.09
84187324,305,2019-12-31 11:41:56,27.691876666666666,85.32710666666667,0.12
84187842,305,2019-12-31 11:42:25,27.691926666666667,85.32712166666667,0.33
84188365,305,2019-12-31 11:42:55,27.691893333333333,85.327095,0.35
84188903,305,2019-12-31 11:43:26,27.691841666666665,85.327085,0.63
84189399,305,2019-12-31 11:43:55,27.691838333333333,85.32705166666666,0.1
84189926,305,2019-12-31 11:44:24,27.691861666666668,85.32705333333334,0.23
84190448,305,2019-12-31 11:44:54,27.69181333333333,85.32697833333333,0.21
84190970,305,2019-12-31 11:45:24,27.69179,85.32696833333333,0.05
84191480,305,2019-12-31 11:45:54,27.691816666666668,85.32701166666666,0.05
84192004,305,2019-12-31 11:46:24,27.691825,85.32700833333334,0.06
84192530,305,2019-12-31 11:46:53,27.69181,85.327025,0.03
84193064,305,2019-12-31 11:47:23,27.69185,85.32706,0.04
84193592,305,2019-12-31 11:47:53,27.691895,85.32708166666667,0.36
84194102,305,2019-12-31 11:48:23,27.691871666666668,85.32711166666667,0.85
84194635,305,2019-12-31 11:48:53,27.691876666666666,85.32707333333333,0.06
84195180,305,2019-12-31 11:49:22,27.691916666666668,85.32706,0.17
84195706,305,2019-12-31 11:49:52,27.69189833333333,85.32707833333333,0.14
84196256,305,2019-12-31 11:50:22,27.691905,85.327065,0.14
84196782,305,2019-12-31 11:50:52,27.691893333333333,85.327075,0.12
84197304,305,2019-12-31 11:51:21,27.691895,85.32706,0.16
84197831,305,2019-12-31 11:51:51,27.69189666666667,85.32706,0.12
84198351,305,2019-12-31 11:52:21,27.69190333333333,85.32705166666666,0.11
84198861,305,2019-12-31 11:52:51,27.691893333333333,85.32704166666667,0.04
84199399,305,2019-12-31 11:53:21,27.691901666666663,85.327015,0.22
84199921,305,2019-12-31 11:53:50,27.6919,85.32699333333333,0.05
84200464,305,2019-12-31 11:54:20,27.69189833333333,85.32697666666667,0.03
84200988,305,2019-12-31 11:54:50,27.69190333333333,85.32699166666667,0.21
84201539,305,2019-12-31 11:55:20,27.69190333333333,85.32700333333334,0.08
84202062,305,2019-12-31 11:55:50,27.691906666666668,85.32702333333333,0.09
84202595,305,2019-12-31 11:56:19,27.69184,85.32688666666667,0.31
84203105,305,2019-12-31 11:56:49,27.691801666666667,85.32681833333334,0.27
84203626,305,2019-12-31 11:57:19,27.691831666666666,85.32691166666666,0.15
84204145,305,2019-12-31 11:57:49,27.69186333333333,85.32701166666666,0.17
84204721,305,2019-12-31 11:58:23,27.691865,85.32699,0.14
84205177,305,2019-12-31 11:58:48,27.69186333333333,85.326945,0.12
84205718,305,2019-12-31 11:59:18,27.69186,85.32698333333333,0.19
84206243,305,2019-12-31 11:59:48,27.691855,85.32697833333333,0.08
84206751,305,2019-12-31 12:00:18,27.69183333333333,85.32692333333334,0.09
84207276,305,2019-12-31 12:00:47,27.691831666666666,85.32693833333333,0.14
84207820,305,2019-12-31 12:01:17,27.691885,85.32698,0.04
84208337,305,2019-12-31 12:01:47,27.6919,85.32702,0.29
84208859,305,2019-12-31 12:02:17,27.691886666666665,85.32696666666666,0.58
84209378,305,2019-12-31 12:02:47,27.69189,85.32696833333333,0.14
84209906,305,2019-12-31 12:03:17,27.691883333333333,85.32699333333333,0.02
84210397,305,2019-12-31 12:03:46,27.69187,85.32696166666666,0.02
84210924,305,2019-12-31 12:04:16,27.69185,85.326975,0.05
84211442,305,2019-12-31 12:04:46,27.69184,85.327005,0.09
84211981,305,2019-12-31 12:05:16,27.69185333333333,85.32700833333334,0.05
84212514,305,2019-12-31 12:05:45,27.691865,85.327085,0.04
84213028,305,2019-12-31 12:06:15,27.69187,85.32711833333333,0.1
84213552,305,2019-12-31 12:06:45,27.691866666666662,85.327105,0.06
84214077,305,2019-12-31 12:07:15,27.691861666666668,85.32709166666666,0.22
84214590,305,2019-12-31 12:07:44,27.691838333333333,85.32708833333334,0.05
84215105,305,2019-12-31 12:08:14,27.69183333333333,85.32704666666666,0.17
84215634,305,2019-12-31 12:08:44,27.691841666666665,85.327045,0.06
84216139,305,2019-12-31 12:09:14,27.691865,85.32709,0.11
84216664,305,2019-12-31 12:09:44,27.691866666666662,85.327105,0.19
84217199,305,2019-12-31 12:10:13,27.691871666666668,85.32709333333334,0.37
84217720,305,2019-12-31 12:10:43,27.69189,85.32712,0.1
84218236,305,2019-12-31 12:11:13,27.69188,85.32717833333334,0.13
84218754,305,2019-12-31 12:11:43,27.69188,85.32715,0.17
84219269,305,2019-12-31 12:12:13,27.69188,85.32713666666666,0.2
84219800,305,2019-12-31 12:12:42,27.691885,85.32712666666667,0.06
84220358,305,2019-12-31 12:13:13,27.691891666666667,85.32706666666667,0.41
84220855,305,2019-12-31 12:13:42,27.691893333333333,85.327055,0.05
84221363,305,2019-12-31 12:14:12,27.691866666666662,85.326995,0.1
84221877,305,2019-12-31 12:14:42,27.69184,85.32692666666667,0.23
84222385,305,2019-12-31 12:15:11,27.691865,85.32702333333333,0.09
84222889,305,2019-12-31 12:15:41,27.69186,85.327115,0.5
84223404,305,2019-12-31 12:16:11,27.69186,85.32711,0.32
84223939,305,2019-12-31 12:16:41,27.69186833333333,85.32710166666666,0.21
84224461,305,2019-12-31 12:17:10,27.691846666666667,85.32704166666667,0.07
84224981,305,2019-12-31 12:17:40,27.69186333333333,85.32708333333333,0.18
84225481,305,2019-12-31 12:18:10,27.691876666666666,85.32709833333334,0.2
84225997,305,2019-12-31 12:18:40,27.691861666666668,85.327105,0.54
84226505,305,2019-12-31 12:19:10,27.69186333333333,85.32710333333333,0.06
84227039,305,2019-12-31 12:19:39,27.69186333333333,85.32704833333334,0.33
84227561,305,2019-12-31 12:20:09,27.691883333333333,85.32702166666667,0.22
84228102,305,2019-12-31 12:20:39,27.691895,85.327045,0.1
84228630,305,2019-12-31 12:21:09,27.691885,85.32706666666667,0.13
84229144,305,2019-12-31 12:21:39,27.691871666666668,85.32706833333333,0.13
84229688,305,2019-12-31 12:22:08,27.69186833333333,85.32705833333333,0.11
84230237,305,2019-12-31 12:22:38,27.691838333333333,85.32701833333333,0.35
84230805,305,2019-12-31 12:23:09,27.691796666666665,85.32694166666667,0.13
84231314,305,2019-12-31 12:23:38,27.691786666666665,85.32696333333334,0.08
84231859,305,2019-12-31 12:24:08,27.691781666666667,85.32692666666667,0.33
84232390,305,2019-12-31 12:24:37,27.69176333333333,85.32695666666666,0.05
84232903,305,2019-12-31 12:25:07,27.691758333333333,85.327045,0.09
84233447,305,2019-12-31 12:25:37,27.69176333333333,85.32713333333334,0.17
84233985,305,2019-12-31 12:26:07,27.69176,85.327145,0.12
84234509,305,2019-12-31 12:26:36,27.691781666666667,85.327155,0.08
84235023,305,2019-12-31 12:27:06,27.691771666666668,85.32718666666666,0.02
84235550,305,2019-12-31 12:27:36,27.691751666666665,85.32721,0.1
84236079,305,2019-12-31 12:28:06,27.691786666666665,85.32705833333333,0.09
84236603,305,2019-12-31 12:28:36,27.691791666666667,85.32701166666666,0.07
84237132,305,2019-12-31 12:29:05,27.691796666666665,85.32700833333334,0.13
84237643,305,2019-12-31 12:29:35,27.69178,85.32701166666666,0.13
84238163,305,2019-12-31 12:30:05,27.691766666666663,85.32706166666667,0.02
84238706,305,2019-12-31 12:30:35,27.691766666666663,85.32708666666667,0.07
84239229,305,2019-12-31 12:31:05,27.691781666666667,85.32710833333333,0.09
84239743,305,2019-12-31 12:31:34,27.691835,85.32708,0.25
84240259,305,2019-12-31 12:32:04,27.691826666666667,85.327075,0.2
84240787,305,2019-12-31 12:32:34,27.69181333333333,85.32707666666667,0.01
84241322,305,2019-12-31 12:33:05,27.69181833333333,85.32708166666667,0.07
84241824,305,2019-12-31 12:33:33,27.691835,85.32709166666666,0.07
84242339,305,2019-12-31 12:34:03,27.691846666666667,85.32708833333334,0.03
84242861,305,2019-12-31 12:34:33,27.69185,85.32708166666667,0.08
84243398,305,2019-12-31 12:35:03,27.69186,85.32706833333333,0.06
84243923,305,2019-12-31 12:35:33,27.691881666666667,85.32702833333333,0.27
84244438,305,2019-12-31 12:36:02,27.691916666666668,85.32703166666667,0.04
84244957,305,2019-12-31 12:36:32,27.69192,85.32705833333333,0.21
84245477,305,2019-12-31 12:37:02,27.691918333333334,85.327035,0.01
84245991,305,2019-12-31 12:37:32,27.691905,85.326995,0.02
84246497,305,2019-12-31 12:38:02,27.69190833333333,85.32700666666666,0.03
84247025,305,2019-12-31 12:38:31,27.691893333333333,85.327025,0.08
84247564,305,2019-12-31 12:39:01,27.69188,85.326995,0.07
84248111,305,2019-12-31 12:39:31,27.691883333333333,85.327005,0.02
84248629,305,2019-12-31 12:40:01,27.691906666666668,85.32701333333333,0.08
84249132,305,2019-12-31 12:40:31,27.69189,85.32702333333333,0.14
84249643,305,2019-12-31 12:41:00,27.691906666666668,85.32701,0.04
84250153,305,2019-12-31 12:41:30,27.691918333333334,85.32701166666666,0.11
84250669,305,2019-12-31 12:42:00,27.691935,85.327005,0.18
84251177,305,2019-12-31 12:42:30,27.691926666666667,85.32699666666667,0.15
84251705,305,2019-12-31 12:43:00,27.69191,85.32701333333333,0.22
84252200,305,2019-12-31 12:43:29,27.691875,85.32703333333333,0.17
84252712,305,2019-12-31 12:43:59,27.691838333333333,85.32703,0.11
84253220,305,2019-12-31 12:44:29,27.691875,85.32703333333333,0.2
84253722,305,2019-12-31 12:44:59,27.691856666666663,85.32706,0.39
84254230,305,2019-12-31 12:45:28,27.69189,85.32707333333333,0.1
84254734,305,2019-12-31 12:45:58,27.691871666666668,85.32708166666667,0.28
84255238,305,2019-12-31 12:46:28,27.69188,85.32707,0.39
84255743,305,2019-12-31 12:46:58,27.69179833333333,85.32703333333333,0.25
84256249,305,2019-12-31 12:47:28,27.69179833333333,85.32700333333334,0.46
84256759,305,2019-12-31 12:47:57,27.691775,85.32699666666667,0.22
84257278,305,2019-12-31 12:48:27,27.691786666666665,85.32702,0.06
84257806,305,2019-12-31 12:48:57,27.691726666666668,85.32706666666667,0.21
84258334,305,2019-12-31 12:49:27,27.691731666666666,85.327045,0.15
84258845,305,2019-12-31 12:49:56,27.69184,85.32703666666667,0.17
84259359,305,2019-12-31 12:50:26,27.691815,85.327085,0.05
84259871,305,2019-12-31 12:50:56,27.691825,85.32706833333333,0.21
84260387,305,2019-12-31 12:51:26,27.69181,85.32705833333333,0.03
84260912,305,2019-12-31 12:51:56,27.69184,85.327045,0.04
84261413,305,2019-12-31 12:52:25,27.69183,85.32708166666667,0.15
84261957,305,2019-12-31 12:52:56,27.691841666666665,85.32710166666666,0.08
84262454,305,2019-12-31 12:53:25,27.691825,85.327085,0.11
84262959,305,2019-12-31 12:53:55,27.69187,85.327035,0.27
84263487,305,2019-12-31 12:54:24,27.691866666666662,85.32705666666666,0.19
84264015,305,2019-12-31 12:54:54,27.691848333333333,85.32706666666667,0.21
84264535,305,2019-12-31 12:55:24,27.691893333333333,85.32700166666666,0.51
84265045,305,2019-12-31 12:55:54,27.691918333333334,85.32700166666666,0.11
84265556,305,2019-12-31 12:56:24,27.69189666666667,85.32701666666667,0.09
84266072,305,2019-12-31 12:56:53,27.691855,85.32703833333333,0.23
84266580,305,2019-12-31 12:57:23,27.691831666666666,85.32704333333334,0.06
84267086,305,2019-12-31 12:57:53,27.691811666666663,85.32703333333333,0.16
84267598,305,2019-12-31 12:58:23,27.69182,85.32702166666667,0.01
84268101,305,2019-12-31 12:58:52,27.69185833333333,85.32702333333333,0.11
84268616,305,2019-12-31 12:59:22,27.69188833333333,85.32701666666667,0.2
84269148,305,2019-12-31 12:59:52,27.691918333333334,85.327,0.46
84269740,305,2019-12-31 13:00:22,27.69190833333333,85.32699166666667,0.06
84270291,305,2019-12-31 13:00:52,27.691891666666667,85.327035,0.21
84270829,305,2019-12-31 13:01:21,27.691893333333333,85.32707166666667,0.07
84271356,305,2019-12-31 13:01:51,27.691875,85.327115,1.19
84271890,305,2019-12-31 13:02:21,27.69181833333333,85.32711666666667,0.46
84272415,305,2019-12-31 13:02:51,27.69177833333333,85.32710333333333,0.64
84272902,305,2019-12-31 13:03:21,27.691748333333333,85.32705166666666,0.22
84273416,305,2019-12-31 13:03:50,27.691831666666666,85.32704833333334,0.2
84273919,305,2019-12-31 13:04:20,27.69186,85.32698166666667,0.23
84274431,305,2019-12-31 13:04:50,27.691875,85.32699166666667,0.15
84274943,305,2019-12-31 13:05:20,27.691911666666662,85.32696666666666,0.23
84275455,305,2019-12-31 13:05:49,27.691906666666668,85.32694666666667,0.23
84275986,305,2019-12-31 13:06:19,27.691916666666668,85.32699833333334,0.58
84276500,305,2019-12-31 13:06:49,27.691928333333333,85.32705833333333,0.23
84277010,305,2019-12-31 13:07:19,27.691993333333333,85.32704833333334,0.33
84277519,305,2019-12-31 13:07:49,27.691951666666668,85.327035,0.1
84278014,305,2019-12-31 13:08:18,27.691946666666663,85.32708166666667,0.23
84278518,305,2019-12-31 13:08:48,27.691906666666668,85.3271,0.4
84279019,305,2019-12-31 13:09:18,27.691883333333333,85.32710333333333,0.55
84279524,305,2019-12-31 13:09:48,27.69185,85.32709333333334,0.12
84280039,305,2019-12-31 13:10:18,27.69189,85.32701666666667,0.23
84280550,305,2019-12-31 13:10:47,27.69187833333333,85.32705666666666,0.02
84281058,305,2019-12-31 13:11:17,27.691875,85.32706,0.04
84281562,305,2019-12-31 13:11:47,27.691881666666667,85.32708333333333,0.4
84282067,305,2019-12-31 13:12:17,27.691918333333334,85.32709333333334,0.13
84282575,305,2019-12-31 13:12:47,27.691915,85.32708,0.27
84283067,305,2019-12-31 13:13:16,27.691915,85.327085,0.07
84283577,305,2019-12-31 13:13:46,27.69192,85.32710333333333,0.04
84284085,305,2019-12-31 13:14:16,27.69189,85.327105,0.12
84284590,305,2019-12-31 13:14:45,27.691915,85.32707166666667,0.15
84285096,305,2019-12-31 13:15:15,27.69190833333333,85.32705166666666,0.03
84285630,305,2019-12-31 13:15:45,27.69188833333333,85.32706166666667,0.07
84286137,305,2019-12-31 13:16:15,27.69191,85.32706833333333,0.08
84286639,305,2019-12-31 13:16:45,27.6919,85.327035,0.1
84287141,305,2019-12-31 13:17:14,27.69189833333333,85.32700666666666,0.16
84287652,305,2019-12-31 13:17:44,27.69189,85.32701166666666,0.15
84288163,305,2019-12-31 13:18:14,27.691873333333334,85.32703,0.07
84288666,305,2019-12-31 13:18:44,27.691893333333333,85.32702333333333,0.41
84289179,305,2019-12-31 13:19:14,27.69192333333333,85.32701166666666,0.25
84289689,305,2019-12-31 13:19:43,27.691911666666662,85.32706666666667,0.02
84290183,305,2019-12-31 13:20:13,27.691921666666666,85.327065,0.54
84290693,305,2019-12-31 13:20:43,27.691983333333333,85.327055,0.1
84291216,305,2019-12-31 13:21:13,27.692001666666663,85.327085,0.33
84291715,305,2019-12-31 13:21:42,27.69199833333333,85.32708,0.17
84292223,305,2019-12-31 13:22:12,27.692031666666665,85.327105,0.02
84292750,305,2019-12-31 13:22:43,27.69204,85.32708333333333,0.06
84293241,305,2019-12-31 13:23:12,27.692018333333333,85.32707666666667,0.07
84293754,305,2019-12-31 13:23:42,27.691963333333334,85.32705666666666,0.02
84294255,305,2019-12-31 13:24:11,27.69194833333333,85.32706,0.06
84294756,305,2019-12-31 13:24:41,27.691921666666666,85.32701166666666,0.36
84295273,305,2019-12-31 13:25:11,27.69189,85.32696666666666,0.37
84295811,305,2019-12-31 13:25:41,27.691935,85.32699666666667,0.04
84296364,305,2019-12-31 13:26:11,27.69189833333333,85.32700166666666,0.05
84296860,305,2019-12-31 13:26:40,27.691805,85.326935,0.06
84297371,305,2019-12-31 13:27:10,27.691705,85.326855,0.42
84297878,305,2019-12-31 13:27:40,27.69165333333333,85.32682166666666,0.08
84298383,305,2019-12-31 13:28:10,27.69164333333333,85.32681666666667,0.24
84298897,305,2019-12-31 13:28:39,27.691625,85.32682833333334,0.21
84299420,305,2019-12-31 13:29:09,27.691591666666667,85.32686,0.19
84299965,305,2019-12-31 13:29:39,27.691658333333333,85.32691666666666,0.24
84300474,305,2019-12-31 13:30:09,27.69178833333333,85.32699333333333,0.27
84300977,305,2019-12-31 13:30:39,27.69184333333333,85.327,0.22
84301489,305,2019-12-31 13:31:08,27.691875,85.32705,0.32
84302012,305,2019-12-31 13:31:38,27.69189,85.32701666666667,0.37
84302520,305,2019-12-31 13:32:08,27.691906666666668,85.32698166666667,0.28
84303048,305,2019-12-31 13:32:38,27.69195,85.32704166666667,0.21
84303563,305,2019-12-31 13:33:07,27.691973333333333,85.32707666666667,0.11
84304072,305,2019-12-31 13:33:37,27.69195833333333,85.32706333333333,0.68
84304605,305,2019-12-31 13:34:07,27.691721666666663,85.32697666666667,0.48
84305166,305,2019-12-31 13:34:37,27.691846666666667,85.32704833333334,0.15
84305689,305,2019-12-31 13:35:07,27.69185,85.32695166666667,0.38
84306228,305,2019-12-31 13:35:36,27.6918,85.326855,0.36
84306740,305,2019-12-31 13:36:06,27.69176,85.32684666666667,0.22
84307247,305,2019-12-31 13:36:36,27.69179,85.32691166666666,0.33
84307754,305,2019-12-31 13:37:06,27.69179833333333,85.32719666666667,1.22
84308261,305,2019-12-31 13:37:36,27.6918,85.327095,0.82
84308768,305,2019-12-31 13:38:05,27.691721666666663,85.32699833333334,0.25
84309267,305,2019-12-31 13:38:35,27.691738333333333,85.32698833333333,0.64
84309780,305,2019-12-31 13:39:05,27.691831666666666,85.32702,0.37
84310313,305,2019-12-31 13:39:35,27.69183333333333,85.32694833333333,0.25
84310833,305,2019-12-31 13:40:04,27.69188,85.32695666666666,0.23
84311342,305,2019-12-31 13:40:34,27.69182,85.32697333333333,0.16
84311870,305,2019-12-31 13:41:04,27.6918,85.326985,0.23
84312441,305,2019-12-31 13:41:38,27.691795,85.32707166666667,0.39
84312885,305,2019-12-31 13:42:04,27.69183,85.32705166666666,0.24
84313429,305,2019-12-31 13:42:34,27.691865,85.32711333333333,0.21
84313932,305,2019-12-31 13:43:03,27.691836666666667,85.32714833333333,0.45
84314450,305,2019-12-31 13:43:33,27.69181833333333,85.32718666666666,0.24
84314980,305,2019-12-31 13:44:03,27.691816666666668,85.32710833333333,0.47
84315493,305,2019-12-31 13:44:33,27.691825,85.327045,0.62
84316034,305,2019-12-31 13:45:02,27.691885,85.32705833333333,0.35
84316553,305,2019-12-31 13:45:32,27.691821666666662,85.32707,0.37
84317055,305,2019-12-31 13:46:02,27.69184,85.32705666666666,0.41
84317568,305,2019-12-31 13:46:32,27.691821666666662,85.32709,0.27
84318069,305,2019-12-31 13:47:01,27.691845,85.32708,0.39
84318581,305,2019-12-31 13:47:31,27.69175333333333,85.32705166666666,0.25
84319079,305,2019-12-31 13:48:01,27.691676666666662,85.32703833333333,0.16
84319613,305,2019-12-31 13:48:31,27.691721666666663,85.32704333333334,0.38
84320142,305,2019-12-31 13:49:01,27.691635,85.32713166666667,0.42
84320671,305,2019-12-31 13:49:30,27.691645,85.32719833333333,0.38
84321243,305,2019-12-31 13:50:00,27.691648333333333,85.32715833333333,0.58
84321792,305,2019-12-31 13:50:30,27.691655,85.32709,0.13
84322284,305,2019-12-31 13:51:00,27.69172,85.32699,0.23
84322799,305,2019-12-31 13:51:30,27.691683333333334,85.326985,0.4
84323304,305,2019-12-31 13:51:59,27.691725,85.32701833333333,0.1
84323831,305,2019-12-31 13:52:30,27.691738333333333,85.32699166666667,0.3
84324317,305,2019-12-31 13:52:59,27.691701666666667,85.32699833333334,0.3
84324826,305,2019-12-31 13:53:29,27.69171,85.32693166666667,0.22
84325331,305,2019-12-31 13:53:58,27.69167333333333,85.32695833333334,0.43
84325833,305,2019-12-31 13:54:28,27.691701666666667,85.32698833333333,0.17
84326360,305,2019-12-31 13:54:58,27.691738333333333,85.327075,0.44
84326863,305,2019-12-31 13:55:28,27.69179833333333,85.32704666666666,0.74
84327373,305,2019-12-31 13:55:58,27.691746666666667,85.32703,0.66
84327897,305,2019-12-31 13:56:27,27.691795,85.32707833333333,0.25
84328416,305,2019-12-31 13:56:57,27.69181333333333,85.32708666666667,0.19
84328929,305,2019-12-31 13:57:27,27.69176,85.32699166666667,0.13
84329452,305,2019-12-31 13:57:57,27.691726666666668,85.32701166666666,0.06
84329951,305,2019-12-31 13:58:27,27.691748333333333,85.32702666666667,0.26
84330463,305,2019-12-31 13:58:56,27.691701666666667,85.32704666666666,0.06
84330966,305,2019-12-31 13:59:26,27.69175,85.32702333333333,0.13
84331490,305,2019-12-31 13:59:56,27.691746666666667,85.32701,0.02
84332048,305,2019-12-31 14:00:26,27.69173,85.327025,0.32
84332572,305,2019-12-31 14:00:55,27.691761666666668,85.32701166666666,0.37
84333076,305,2019-12-31 14:01:25,27.691805,85.32703,0.06
84333586,305,2019-12-31 14:01:55,27.69187833333333,85.32704333333334,0.27
84334154,305,2019-12-31 14:02:25,27.691946666666663,85.32706166666667,0.16
84334667,305,2019-12-31 14:02:55,27.691915,85.32706833333333,0.04
84335245,305,2019-12-31 14:03:29,27.69187,85.32707,0.21
84335690,305,2019-12-31 14:03:54,27.691865,85.32708,0.48
84336196,305,2019-12-31 14:04:24,27.69192,85.327075,0.21
84336708,305,2019-12-31 14:04:54,27.691963333333334,85.32705333333334,0.12
84337214,305,2019-12-31 14:05:23,27.69191333333333,85.32705333333334,0.18
84337720,305,2019-12-31 14:05:53,27.69196,85.32704333333334,0.12
84338225,305,2019-12-31 14:06:23,27.691848333333333,85.32702,0.12
84338734,305,2019-12-31 14:06:53,27.69180833333333,85.32699666666667,0.15
84339234,305,2019-12-31 14:07:23,27.691918333333334,85.32696666666666,0.67
84339741,305,2019-12-31 14:07:52,27.69194,85.32699166666667,0.1
84340262,305,2019-12-31 14:08:22,27.691938333333333,85.32699166666667,0.1
84340846,305,2019-12-31 14:08:56,27.691846666666667,85.32700666666666,0.02
84341301,305,2019-12-31 14:09:22,27.691848333333333,85.32702333333333,0.15
84341839,305,2019-12-31 14:09:52,27.691915,85.32700166666666,0.46
84342368,305,2019-12-31 14:10:21,27.691901666666663,85.32706666666667,0.2
84342885,305,2019-12-31 14:10:51,27.691881666666667,85.327095,0.51
84343387,305,2019-12-31 14:11:21,27.69189,85.32709666666666,0.35
84343898,305,2019-12-31 14:11:51,27.69186833333333,85.32709,0.0
84344431,305,2019-12-31 14:12:21,27.691905,85.327085,0.17
84344961,305,2019-12-31 14:12:50,27.69186833333333,85.32710833333333,0.19
84345466,305,2019-12-31 14:13:20,27.691791666666667,85.327135,0.15
84345985,305,2019-12-31 14:13:50,27.691745,85.32705833333333,0.17
84346576,305,2019-12-31 14:14:24,27.69179833333333,85.32708,0.13
84347016,305,2019-12-31 14:14:49,27.691875,85.32712333333333,0.15
84347530,305,2019-12-31 14:15:19,27.691881666666667,85.327105,0.02
84348056,305,2019-12-31 14:15:49,27.691886666666665,85.32712166666667,0.11
84348602,305,2019-12-31 14:16:19,27.691881666666667,85.32713166666667,0.07
84349127,305,2019-12-31 14:16:49,27.691873333333334,85.32712833333333,0.06
84349674,305,2019-12-31 14:17:18,27.691876666666666,85.32714,0.12
84350178,305,2019-12-31 14:17:48,27.69187,85.32714,0.01
84350702,305,2019-12-31 14:18:18,27.691881666666667,85.32712666666667,0.18
84351213,305,2019-12-31 14:18:48,27.691926666666667,85.327105,0.14
84351722,305,2019-12-31 14:19:17,27.691921666666666,85.32710833333333,0.06
84352232,305,2019-12-31 14:19:47,27.691906666666668,85.327095,0.07
84352740,305,2019-12-31 14:20:17,27.691916666666668,85.32710333333333,0.08
84353240,305,2019-12-31 14:20:47,27.69195333333333,85.32712833333333,0.06
84353748,305,2019-12-31 14:21:17,27.691935,85.32713833333334,0.15
84354252,305,2019-12-31 14:21:46,27.69193333333333,85.32715333333333,0.2
84354777,305,2019-12-31 14:22:17,27.691928333333333,85.32715333333333,0.22
84355299,305,2019-12-31 14:22:46,27.691925,85.327165,0.1
84355847,305,2019-12-31 14:23:16,27.691936666666667,85.32715333333333,0.09
84356356,305,2019-12-31 14:23:46,27.691945,85.32712833333333,0.15
84356863,305,2019-12-31 14:24:15,27.69194833333333,85.32712166666667,0.24
84357363,305,2019-12-31 14:24:45,27.69194,85.32713166666667,0.13
84357866,305,2019-12-31 14:25:15,27.691938333333333,85.32714666666666,0.26
84358374,305,2019-12-31 14:25:45,27.691938333333333,85.32715166666667,0.19
84358879,305,2019-12-31 14:26:14,27.69195,85.32712166666667,0.21
84359384,305,2019-12-31 14:26:44,27.691951666666668,85.32713833333334,0.1
84359889,305,2019-12-31 14:27:14,27.691961666666668,85.32712166666667,0.21
84360390,305,2019-12-31 14:27:44,27.69195,85.32712666666667,0.07
84360904,305,2019-12-31 14:28:14,27.691963333333334,85.32712666666667,0.19
84361400,305,2019-12-31 14:28:43,27.691995,85.32710166666666,0.04
84361886,305,2019-12-31 14:29:13,27.69195833333333,85.32707833333333,0.09
84362378,305,2019-12-31 14:29:43,27.69195833333333,85.32702833333333,0.08
84362909,305,2019-12-31 14:30:13,27.691935,85.327015,0.19
84363417,305,2019-12-31 14:30:43,27.691921666666666,85.32699333333333,0.19
84363926,305,2019-12-31 14:31:12,27.691915,85.32700333333334,0.12
84364456,305,2019-12-31 14:31:42,27.691928333333333,85.32704166666667,0.07
84364971,305,2019-12-31 14:32:13,27.691935,85.32703666666667,0.07
84365466,305,2019-12-31 14:32:42,27.691941666666665,85.32703166666667,0.05
84365987,305,2019-12-31 14:33:11,27.691945,85.32702333333333,0.08
84366490,305,2019-12-31 14:33:41,27.691951666666668,85.32702333333333,0.08
84366996,305,2019-12-31 14:34:11,27.691945,85.32703833333333,0.34
84367512,305,2019-12-31 14:34:41,27.69195,85.32704666666666,0.12
84368014,305,2019-12-31 14:35:11,27.69195,85.32705333333334,0.13
84368533,305,2019-12-31 14:35:40,27.691961666666668,85.32703333333333,0.12
84369031,305,2019-12-31 14:36:10,27.69195333333333,85.32703,0.11
84369537,305,2019-12-31 14:36:40,27.69196,85.32702833333333,0.16
84370044,305,2019-12-31 14:37:10,27.691966666666666,85.32701833333333,0.04
84370527,305,2019-12-31 14:37:39,27.691975,85.32702833333333,0.11
84371022,305,2019-12-31 14:38:09,27.691956666666663,85.32703833333333,0.12
84371521,305,2019-12-31 14:38:39,27.69194833333333,85.32704666666666,0.04
84372009,305,2019-12-31 14:39:09,27.691961666666668,85.327045,0.07
84372505,305,2019-12-31 14:39:39,27.691941666666665,85.32704833333334,0.04
84373013,305,2019-12-31 14:40:08,27.69192333333333,85.32705833333333,0.05
84373508,305,2019-12-31 14:40:38,27.691936666666667,85.327065,0.22
84374049,305,2019-12-31 14:41:08,27.69193333333333,85.327065,0.02
84374579,305,2019-12-31 14:41:38,27.69192333333333,85.32704666666666,0.08
84375103,305,2019-12-31 14:42:08,27.69192333333333,85.32703666666667,0.04
84375594,305,2019-12-31 14:42:37,27.691916666666668,85.32703666666667,0.04
84376084,305,2019-12-31 14:43:07,27.691918333333334,85.32704166666667,0.2
84376589,305,2019-12-31 14:43:37,27.691935,85.32702,0.1
84377098,305,2019-12-31 14:44:07,27.691946666666663,85.32701166666666,0.04
84377598,305,2019-12-31 14:44:36,27.691956666666663,85.32700666666666,0.02
84378092,305,2019-12-31 14:45:06,27.69194,85.32700833333334,0.04
84378588,305,2019-12-31 14:45:36,27.691931666666665,85.32699166666667,0.02
84379106,305,2019-12-31 14:46:06,27.691918333333334,85.32698666666667,0.17
84379610,305,2019-12-31 14:46:36,27.691931666666665,85.32699333333333,0.2
84380133,305,2019-12-31 14:47:05,27.69193333333333,85.32699833333334,0.14
84380634,305,2019-12-31 14:47:35,27.69192,85.32702,0.31
84381156,305,2019-12-31 14:48:05,27.691916666666668,85.32702333333333,0.52
84381652,305,2019-12-31 14:48:35,27.691946666666663,85.32705,0.18
84382170,305,2019-12-31 14:49:05,27.69196,85.32704166666667,0.11
84382670,305,2019-12-31 14:49:34,27.69195,85.32704333333334,0.04
84383193,305,2019-12-31 14:50:04,27.691963333333334,85.32705333333334,0.02
84383700,305,2019-12-31 14:50:34,27.69195833333333,85.32704333333334,0.07
84384225,305,2019-12-31 14:51:04,27.69195,85.32704166666667,0.05
84384729,305,2019-12-31 14:51:33,27.69194333333333,85.327035,0.18
84385232,305,2019-12-31 14:52:04,27.691918333333334,85.32702833333333,0.15
84385733,305,2019-12-31 14:52:33,27.69192333333333,85.32704,0.17
84386240,305,2019-12-31 14:53:03,27.69192,85.32704166666667,0.01
84386744,305,2019-12-31 14:53:33,27.69193333333333,85.32703333333333,0.0
84387246,305,2019-12-31 14:54:02,27.691951666666668,85.32701666666667,0.09
84387765,305,2019-12-31 14:54:32,27.69196833333333,85.32703333333333,0.12
84388284,305,2019-12-31 14:55:02,27.691963333333334,85.32703666666667,0.08
84388795,305,2019-12-31 14:55:32,27.69195333333333,85.32701666666667,0.25
84389307,305,2019-12-31 14:56:01,27.691931666666665,85.327015,0.55
84389831,305,2019-12-31 14:56:31,27.69194833333333,85.327035,0.13
84390340,305,2019-12-31 14:57:01,27.69194333333333,85.327025,0.1
84390847,305,2019-12-31 14:57:31,27.69194333333333,85.32703,0.03
84391345,305,2019-12-31 14:58:01,27.6919,85.327045,0.14
84391854,305,2019-12-31 14:58:30,27.691935,85.32702166666667,0.17
84392399,305,2019-12-31 14:59:00,27.691891666666667,85.32701833333333,0.16
84392895,305,2019-12-31 14:59:30,27.691911666666662,85.327005,0.43
84393417,305,2019-12-31 15:00:00,27.69191,85.32695166666667,0.1
84393916,305,2019-12-31 15:00:30,27.69185,85.32694833333333,0.04
84394423,305,2019-12-31 15:00:59,27.69185333333333,85.32697166666667,0.02
84394920,305,2019-12-31 15:01:29,27.691846666666667,85.327005,0.09
84395445,305,2019-12-31 15:02:00,27.691841666666665,85.326985,0.19
84395926,305,2019-12-31 15:02:29,27.69185166666667,85.326985,0.09
84396439,305,2019-12-31 15:02:58,27.69187833333333,85.32699833333334,0.05
84396965,305,2019-12-31 15:03:28,27.69188833333333,85.32702666666667,0.03
84397481,305,2019-12-31 15:03:58,27.691918333333334,85.32703166666667,0.06
84397987,305,2019-12-31 15:04:28,27.69192,85.32704166666667,0.05
84398494,305,2019-12-31 15:04:58,27.69190333333333,85.32703833333333,0.03
84398998,305,2019-12-31 15:05:27,27.69189833333333,85.32705166666666,0.23
84399501,305,2019-12-31 15:05:57,27.69188833333333,85.32702166666667,0.05
84400007,305,2019-12-31 15:06:27,27.691883333333333,85.32703666666667,0.03
84400515,305,2019-12-31 15:06:57,27.691885,85.32704,0.07
84401037,305,2019-12-31 15:07:27,27.69189666666667,85.32704833333334,0.1
84401535,305,2019-12-31 15:07:56,27.69188,85.327035,0.05
84402038,305,2019-12-31 15:08:26,27.691861666666668,85.32702666666667,0.02
84402548,305,2019-12-31 15:08:56,27.69186,85.32703,0.02
84403049,305,2019-12-31 15:09:26,27.691848333333333,85.32702833333333,0.02
84403551,305,2019-12-31 15:09:55,27.69184333333333,85.32703166666667,0.12
84404052,305,2019-12-31 15:10:25,27.691866666666662,85.327045,0.0
84404586,305,2019-12-31 15:10:55,27.69187833333333,85.32705666666666,0.04
84405107,305,2019-12-31 15:11:25,27.691886666666665,85.32706,0.03
84405614,305,2019-12-31 15:11:55,27.69190333333333,85.32704166666667,0.1
84406110,305,2019-12-31 15:12:24,27.69189666666667,85.32702,0.03
84406612,305,2019-12-31 15:12:54,27.691873333333334,85.327,0.04
84407108,305,2019-12-31 15:13:24,27.69187,85.32701,0.08
84407607,305,2019-12-31 15:13:54,27.691875,85.32700666666666,0.12
84408103,305,2019-12-31 15:14:24,27.691855,85.32700333333334,0.04
84408612,305,2019-12-31 15:14:53,27.691855,85.32701,0.03
84409108,305,2019-12-31 15:15:23,27.69186833333333,85.32699666666667,0.02
84409605,305,2019-12-31 15:15:53,27.691886666666665,85.327015,0.01
84410104,305,2019-12-31 15:16:23,27.69190333333333,85.327035,0.04
84410609,305,2019-12-31 15:16:53,27.6919,85.32704666666666,0.06
84411103,305,2019-12-31 15:17:22,27.691895,85.32706166666667,0.09
84411630,305,2019-12-31 15:17:52,27.6919,85.32705166666666,0.06
84412148,305,2019-12-31 15:18:22,27.69192,85.32706166666667,0.02
84412678,305,2019-12-31 15:18:52,27.691925,85.32706,0.08
84413187,305,2019-12-31 15:19:21,27.69189833333333,85.32708166666667,0.02
84413695,305,2019-12-31 15:19:51,27.69187833333333,85.32709,0.07
84414195,305,2019-12-31 15:20:21,27.69192,85.32703666666667,0.16
84414700,305,2019-12-31 15:20:51,27.69191333333333,85.32705666666666,0.02
84415209,305,2019-12-31 15:21:21,27.691916666666668,85.32705666666666,0.06
84415724,305,2019-12-31 15:21:51,27.691915,85.32704833333334,0.1
84416207,305,2019-12-31 15:22:20,27.691925,85.32703333333333,0.0
84416712,305,2019-12-31 15:22:50,27.69191,85.327045,0.01
