id,deviceid,servertime,latitude,longitude,speed
46721298,553,2019-12-06 06:30:06,27.691468333333333,85.32707166666667,0.13
46721801,553,2019-12-06 06:30:35,27.69145333333333,85.327075,0.04
46722296,553,2019-12-06 06:31:05,27.69147,85.32707,0.06
46722816,553,2019-12-06 06:31:35,27.69145,85.327055,0.01
46723338,553,2019-12-06 06:32:05,27.69144333333333,85.32706166666667,0.2
46723870,553,2019-12-06 06:32:35,27.69147,85.327075,0.03
46724363,553,2019-12-06 06:33:04,27.691491666666668,85.32708,0.08
46724893,553,2019-12-06 06:33:34,27.691505,85.32709,0.04
46725403,553,2019-12-06 06:34:04,27.691503333333333,85.327085,0.01
46725921,553,2019-12-06 06:34:34,27.691516666666665,85.32708166666667,0.04
46726431,553,2019-12-06 06:35:03,27.691513333333333,85.327065,0.05
46726937,553,2019-12-06 06:35:33,27.691516666666665,85.32705666666666,0.1
46727429,553,2019-12-06 06:36:03,27.69153333333333,85.32706166666667,0.16
46727929,553,2019-12-06 06:36:33,27.691526666666668,85.32706666666667,0.05
46728434,553,2019-12-06 06:37:02,27.69153,85.32707166666667,0.17
46728940,553,2019-12-06 06:37:32,27.69152,85.32706,0.05
46729436,553,2019-12-06 06:38:02,27.69147,85.327045,0.12
46729931,553,2019-12-06 06:38:32,27.69142,85.32703833333333,0.11
46730428,553,2019-12-06 06:39:02,27.691446666666668,85.32703666666667,0.08
46730937,553,2019-12-06 06:39:31,27.691451666666666,85.32703666666667,0.09
46731439,553,2019-12-06 06:40:02,27.691436666666668,85.32702666666667,0.13
46731961,553,2019-12-06 06:40:31,27.69140833333333,85.32701333333333,0.08
46732487,553,2019-12-06 06:41:01,27.69138166666667,85.32701833333333,0.05
46732991,553,2019-12-06 06:41:31,27.691351666666662,85.32700666666666,0.03
46733493,553,2019-12-06 06:42:00,27.691331666666667,85.32697666666667,0.06
46734005,553,2019-12-06 06:42:31,27.69133833333333,85.32695833333334,0.04
46734517,553,2019-12-06 06:43:00,27.691356666666668,85.326975,0.12
46735014,553,2019-12-06 06:43:30,27.69150833333333,85.32708833333334,0.23
46735530,553,2019-12-06 06:43:59,27.691595,85.32713333333334,0.06
46736033,553,2019-12-06 06:44:29,27.691648333333333,85.32714,0.22
46736540,553,2019-12-06 06:44:59,27.69166,85.32714833333333,0.12
46737079,553,2019-12-06 06:45:29,27.691605,85.32713833333334,0.03
46737650,553,2019-12-06 06:45:59,27.691513333333333,85.32706833333333,0.29
46738157,553,2019-12-06 06:46:28,27.691491666666668,85.32709666666666,0.07
46738663,553,2019-12-06 06:46:58,27.69149,85.32712666666667,0.18
46739177,553,2019-12-06 06:47:28,27.691501666666667,85.32712166666667,0.18
46739706,553,2019-12-06 06:47:58,27.69148333333333,85.32712,0.06
46740207,553,2019-12-06 06:48:27,27.691476666666667,85.32714166666666,0.14
46740731,553,2019-12-06 06:48:57,27.691495,85.32712333333333,0.05
46741244,553,2019-12-06 06:49:27,27.691471666666665,85.32710666666667,0.06
46741755,553,2019-12-06 06:49:57,27.69147333333333,85.32710166666666,0.01
46742279,553,2019-12-06 06:50:27,27.691521666666667,85.32710333333333,0.16
46742790,553,2019-12-06 06:50:56,27.69149833333333,85.32709833333334,0.02
46743298,553,2019-12-06 06:51:26,27.69152833333333,85.32710666666667,0.04
46743803,553,2019-12-06 06:51:56,27.691565,85.327095,0.1
46744331,553,2019-12-06 06:52:27,27.69157,85.32709666666666,0.2
46744835,553,2019-12-06 06:52:56,27.691545,85.32709166666666,0.24
46745349,553,2019-12-06 06:53:25,27.691506666666665,85.32709666666666,0.06
46745859,553,2019-12-06 06:53:55,27.691478333333333,85.327095,0.26
46746378,553,2019-12-06 06:54:25,27.69151,85.327085,0.07
46746888,553,2019-12-06 06:54:55,27.69148,85.32706666666667,0.09
46747394,553,2019-12-06 06:55:24,27.691491666666668,85.32707666666667,0.02
46747911,553,2019-12-06 06:55:54,27.691531666666663,85.32711166666667,0.07
46748412,553,2019-12-06 06:56:24,27.691545,85.32714333333334,0.04
46748930,553,2019-12-06 06:56:54,27.691531666666663,85.32712,0.12
46749437,553,2019-12-06 06:57:24,27.691591666666667,85.32706833333333,0.24
46749935,553,2019-12-06 06:57:53,27.69164333333333,85.32708166666667,0.5
46750450,553,2019-12-06 06:58:23,27.69166166666667,85.32717,0.16
46750968,553,2019-12-06 06:58:53,27.691613333333333,85.32718166666666,0.14
46751483,553,2019-12-06 06:59:23,27.691546666666667,85.32716,0.36
46752022,553,2019-12-06 06:59:52,27.691493333333334,85.32714833333333,0.36
46752520,553,2019-12-06 07:00:22,27.69148333333333,85.32713333333334,0.33
46753032,553,2019-12-06 07:00:52,27.691536666666668,85.32714333333334,0.02
46753562,553,2019-12-06 07:01:22,27.691506666666665,85.32713166666667,0.1
46754116,553,2019-12-06 07:01:52,27.69144333333333,85.32709333333334,0.14
46754660,553,2019-12-06 07:02:22,27.691425,85.32704666666666,0.05
46755153,553,2019-12-06 07:02:51,27.691503333333333,85.32707666666667,0.07
46755648,553,2019-12-06 07:03:21,27.69152833333333,85.32711333333333,0.06
46756163,553,2019-12-06 07:03:51,27.69150833333333,85.32712166666667,0.07
46756682,553,2019-12-06 07:04:21,27.691511666666667,85.32713166666667,0.04
46757187,553,2019-12-06 07:04:50,27.691505,85.32712666666667,0.02
46757705,553,2019-12-06 07:05:20,27.691503333333333,85.32711833333333,0.04
46758220,553,2019-12-06 07:05:50,27.691471666666665,85.3271,0.12
46758750,553,2019-12-06 07:06:20,27.691491666666668,85.32708333333333,0.17
46759262,553,2019-12-06 07:06:49,27.691478333333333,85.32706666666667,0.12
46759796,553,2019-12-06 07:07:19,27.691503333333333,85.32706833333333,0.07
46760313,553,2019-12-06 07:07:49,27.691491666666668,85.32708666666667,0.11
46760831,553,2019-12-06 07:08:19,27.69151833333333,85.32709833333334,0.19
46761338,553,2019-12-06 07:08:49,27.691516666666665,85.32709666666666,0.03
46761846,553,2019-12-06 07:09:18,27.691521666666667,85.32707833333333,0.14
46762344,553,2019-12-06 07:09:48,27.691471666666665,85.32702666666667,0.12
46762855,553,2019-12-06 07:10:18,27.69141833333333,85.32701333333333,0.13
46763375,553,2019-12-06 07:10:48,27.69143,85.326995,0.1
46763885,553,2019-12-06 07:11:18,27.69145333333333,85.32707666666667,0.04
46764412,553,2019-12-06 07:11:47,27.6915,85.32712833333333,0.18
46764938,553,2019-12-06 07:12:18,27.691545,85.327155,0.16
46765424,553,2019-12-06 07:12:47,27.69151833333333,85.327155,0.23
46765938,553,2019-12-06 07:13:17,27.691601666666667,85.32713666666666,0.26
46766427,553,2019-12-06 07:13:46,27.69157166666667,85.327145,0.28
46766945,553,2019-12-06 07:14:16,27.691558333333333,85.32724166666667,0.32
46767452,553,2019-12-06 07:14:46,27.691555,85.32714333333334,0.13
46767950,553,2019-12-06 07:15:16,27.69158,85.32717166666667,0.12
46768454,553,2019-12-06 07:15:46,27.69159,85.32718333333334,0.02
46768957,553,2019-12-06 07:16:15,27.691555,85.32720333333333,0.05
46769464,553,2019-12-06 07:16:45,27.691515,85.32725166666667,0.21
46769958,553,2019-12-06 07:17:15,27.691536666666668,85.32723,0.03
46770456,553,2019-12-06 07:17:45,27.69148,85.32716,0.28
46770961,553,2019-12-06 07:18:14,27.691466666666667,85.32710833333333,0.3
46771487,553,2019-12-06 07:18:44,27.69148833333333,85.32709666666666,0.32
46771983,553,2019-12-06 07:19:14,27.69151,85.32709333333334,0.11
46772489,553,2019-12-06 07:19:44,27.691521666666667,85.327095,0.02
46772978,553,2019-12-06 07:20:14,27.69148833333333,85.32709666666666,0.45
46773467,553,2019-12-06 07:20:43,27.69148833333333,85.32709333333334,0.39
46773961,553,2019-12-06 07:21:13,27.691535,85.3271,0.04
46774463,553,2019-12-06 07:21:43,27.691496666666666,85.32709666666666,0.01
46774968,553,2019-12-06 07:22:14,27.69148833333333,85.327105,0.02
46775437,553,2019-12-06 07:22:43,27.691468333333333,85.32710166666666,0.31
46775954,553,2019-12-06 07:23:12,27.69147333333333,85.32707,0.19
46776443,553,2019-12-06 07:23:42,27.69151833333333,85.32709333333334,0.09
46776950,553,2019-12-06 07:24:12,27.691551666666665,85.32710166666666,0.04
46777491,553,2019-12-06 07:24:42,27.691503333333333,85.32710833333333,0.06
46778042,553,2019-12-06 07:25:11,27.691556666666667,85.32712,0.08
46778569,553,2019-12-06 07:25:41,27.691521666666667,85.32710166666666,0.14
46779089,553,2019-12-06 07:26:11,27.691546666666667,85.327105,0.13
46779644,553,2019-12-06 07:26:41,27.691531666666663,85.32712166666667,0.01
46780166,553,2019-12-06 07:27:11,27.69151833333333,85.32713333333334,0.05
46780668,553,2019-12-06 07:27:40,27.691493333333334,85.32713,0.06
46781163,553,2019-12-06 07:28:10,27.691478333333333,85.32712666666667,0.1
46781659,553,2019-12-06 07:28:40,27.691506666666665,85.32713666666666,0.12
46782154,553,2019-12-06 07:29:10,27.6915,85.32712833333333,0.1
46782681,553,2019-12-06 07:29:39,27.691505,85.32711833333333,0.06
46783217,553,2019-12-06 07:30:09,27.691526666666668,85.32712,0.02
46783741,553,2019-12-06 07:30:39,27.691526666666668,85.32711666666667,0.09
46784271,553,2019-12-06 07:31:09,27.69153333333333,85.32709666666666,0.13
46784822,553,2019-12-06 07:31:39,27.69154333333333,85.327105,0.1
46785417,553,2019-12-06 07:32:09,27.69154,85.327105,0.05
46785912,553,2019-12-06 07:32:38,27.691595,85.32711166666667,0.19
46786420,553,2019-12-06 07:33:08,27.691548333333333,85.32709166666666,0.04
46786923,553,2019-12-06 07:33:38,27.691471666666665,85.327095,0.04
46787460,553,2019-12-06 07:34:07,27.69149,85.32709833333334,0.03
46787968,553,2019-12-06 07:34:37,27.69148,85.32706166666667,0.06
46788475,553,2019-12-06 07:35:07,27.69147,85.327085,0.06
46789005,553,2019-12-06 07:35:37,27.691465,85.32706333333333,0.07
46789513,553,2019-12-06 07:36:07,27.69148333333333,85.32699833333334,0.08
46790035,553,2019-12-06 07:36:36,27.69143833333333,85.32694666666667,0.12
46790553,553,2019-12-06 07:37:06,27.691448333333334,85.32702166666667,0.12
46791060,553,2019-12-06 07:37:36,27.69147,85.32703166666667,0.12
46791578,553,2019-12-06 07:38:06,27.691513333333333,85.32703666666667,0.1
46792083,553,2019-12-06 07:38:35,27.69150833333333,85.32706333333333,0.14
46792586,553,2019-12-06 07:39:05,27.69148833333333,85.32706166666667,0.09
46793098,553,2019-12-06 07:39:35,27.691496666666666,85.32707166666667,0.09
46793626,553,2019-12-06 07:40:05,27.691493333333334,85.32707833333333,0.05
46794161,553,2019-12-06 07:40:35,27.691471666666665,85.32708166666667,0.07
46794690,553,2019-12-06 07:41:05,27.691461666666665,85.32708666666667,0.03
46795212,553,2019-12-06 07:41:34,27.69153833333333,85.32709166666666,0.26
46795730,553,2019-12-06 07:42:05,27.691548333333333,85.32709666666666,0.2
46796224,553,2019-12-06 07:42:34,27.691536666666668,85.32707333333333,0.38
46796752,553,2019-12-06 07:43:04,27.691546666666667,85.32708666666667,0.3
46797258,553,2019-12-06 07:43:33,27.691495,85.32709833333334,0.06
46797792,553,2019-12-06 07:44:03,27.69149,85.32709166666666,0.07
46798294,553,2019-12-06 07:44:33,27.691475,85.32708666666667,0.0
46798818,553,2019-12-06 07:45:03,27.691478333333333,85.32709333333334,0.04
46799347,553,2019-12-06 07:45:32,27.691505,85.327105,0.06
46799865,553,2019-12-06 07:46:02,27.691486666666663,85.327095,0.02
46800411,553,2019-12-06 07:46:32,27.69148333333333,85.32708333333333,0.04
46800916,553,2019-12-06 07:47:02,27.69137333333333,85.32705833333333,0.11
46801437,553,2019-12-06 07:47:32,27.691331666666667,85.327055,0.08
46801969,553,2019-12-06 07:48:01,27.69141833333333,85.32706,0.05
46802487,553,2019-12-06 07:48:31,27.69141833333333,85.327045,0.11
46802989,553,2019-12-06 07:49:01,27.691403333333334,85.32702333333333,0.19
46803499,553,2019-12-06 07:49:31,27.69145,85.327035,0.05
46804010,553,2019-12-06 07:50:00,27.69145,85.327055,0.11
46804527,553,2019-12-06 07:50:30,27.69143,85.32706166666667,0.06
46805046,553,2019-12-06 07:51:00,27.69142833333333,85.327045,0.12
46805584,553,2019-12-06 07:51:30,27.69144,85.32703833333333,0.05
46806127,553,2019-12-06 07:52:00,27.69144,85.32704,0.07
46806622,553,2019-12-06 07:52:29,27.691466666666667,85.32704833333334,0.09
46807135,553,2019-12-06 07:52:59,27.691505,85.32705166666666,0.04
46807686,553,2019-12-06 07:53:29,27.691496666666666,85.32703833333333,0.2
46808224,553,2019-12-06 07:53:59,27.69148,85.32704666666666,0.01
46808743,553,2019-12-06 07:54:29,27.691471666666665,85.32708666666667,0.16
46809247,553,2019-12-06 07:54:58,27.691468333333333,85.32708,0.09
46809755,553,2019-12-06 07:55:28,27.691426666666665,85.32704833333334,0.01
46810255,553,2019-12-06 07:55:58,27.691431666666663,85.32705166666666,0.05
46810806,553,2019-12-06 07:56:28,27.69138333333333,85.32704166666667,0.03
46811345,553,2019-12-06 07:56:57,27.69142833333333,85.32703,0.01
46811869,553,2019-12-06 07:57:27,27.69144333333333,85.32703166666667,0.0
46812371,553,2019-12-06 07:57:57,27.691465,85.32704833333334,0.1
46812884,553,2019-12-06 07:58:27,27.691481666666668,85.32705166666666,0.18
46813397,553,2019-12-06 07:58:57,27.691493333333334,85.32707333333333,0.16
46813916,553,2019-12-06 07:59:26,27.691478333333333,85.32707666666667,0.08
46814426,553,2019-12-06 07:59:56,27.6915,85.32708833333334,0.17
46814934,553,2019-12-06 08:00:26,27.69151833333333,85.327105,0.13
46815478,553,2019-12-06 08:00:56,27.691513333333333,85.32708666666667,0.03
46816001,553,2019-12-06 08:01:26,27.691486666666663,85.32706666666667,0.29
46816534,553,2019-12-06 08:01:56,27.69148,85.327075,0.06
46817055,553,2019-12-06 08:02:25,27.691451666666666,85.32707166666667,0.14
46817551,553,2019-12-06 08:02:55,27.691455,85.32706833333333,0.19
46818056,553,2019-12-06 08:03:25,27.691496666666666,85.32708,0.08
46818566,553,2019-12-06 08:03:54,27.6915,85.32709,0.12
46819071,553,2019-12-06 08:04:24,27.691466666666667,85.32707666666667,0.12
46819585,553,2019-12-06 08:04:54,27.691513333333333,85.327075,0.14
46820096,553,2019-12-06 08:05:24,27.691515,85.32707333333333,0.0
46820605,553,2019-12-06 08:05:54,27.691431666666663,85.32706833333333,0.01
46821134,553,2019-12-06 08:06:23,27.691455,85.327075,0.05
46821640,553,2019-12-06 08:06:53,27.69144,85.32707166666667,0.02
46822146,553,2019-12-06 08:07:23,27.691491666666668,85.32708666666667,0.07
46822669,553,2019-12-06 08:07:53,27.691541666666662,85.32708666666667,0.11
46823202,553,2019-12-06 08:08:22,27.691541666666662,85.32710666666667,0.04
46823740,553,2019-12-06 08:08:52,27.691551666666665,85.327095,0.06
46824262,553,2019-12-06 08:09:22,27.69157333333333,85.32708833333334,0.04
46824794,553,2019-12-06 08:09:52,27.691546666666667,85.32709166666666,0.03
46825317,553,2019-12-06 08:10:22,27.691531666666663,85.327095,0.23
46825851,553,2019-12-06 08:10:51,27.691521666666667,85.32707,0.23
46826400,553,2019-12-06 08:11:21,27.691511666666667,85.32707333333333,0.05
46826927,553,2019-12-06 08:11:52,27.691495,85.32708333333333,0.08
46827417,553,2019-12-06 08:12:21,27.69147,85.32708833333334,0.05
46827942,553,2019-12-06 08:12:51,27.69154333333333,85.32712,0.02
46828473,553,2019-12-06 08:13:20,27.691575,85.32714,0.0
46829012,553,2019-12-06 08:13:50,27.69155,85.32711666666667,0.1
46829565,553,2019-12-06 08:14:20,27.69157333333333,85.32710333333333,0.01
46830080,553,2019-12-06 08:14:50,27.691575,85.32710666666667,0.01
46830620,553,2019-12-06 08:15:20,27.69155333333333,85.327105,0.13
46831136,553,2019-12-06 08:15:49,27.691595,85.32711166666667,0.23
46831664,553,2019-12-06 08:16:19,27.691638333333334,85.32712,0.04
46832230,553,2019-12-06 08:16:49,27.691675,85.32712333333333,0.06
46832741,553,2019-12-06 08:17:19,27.691638333333334,85.32711666666667,0.06
46833268,553,2019-12-06 08:17:48,27.6916,85.32711833333333,0.08
46833805,553,2019-12-06 08:18:18,27.691613333333333,85.32713166666667,0.38
46834329,553,2019-12-06 08:18:48,27.69155333333333,85.32713,0.13
46834842,553,2019-12-06 08:19:18,27.691536666666668,85.32711166666667,0.02
46835350,553,2019-12-06 08:19:48,27.691551666666665,85.327115,0.02
46835889,553,2019-12-06 08:20:17,27.69152833333333,85.32710333333333,0.17
46836413,553,2019-12-06 08:20:47,27.691541666666662,85.327095,0.08
46836945,553,2019-12-06 08:21:17,27.691536666666668,85.3271,0.02
46837496,553,2019-12-06 08:21:48,27.69138333333333,85.327045,0.11
46838028,553,2019-12-06 08:22:17,27.691326666666665,85.32701833333333,0.03
46838543,553,2019-12-06 08:22:46,27.691466666666667,85.32706,0.4
46839058,553,2019-12-06 08:23:16,27.691586666666662,85.32710666666667,0.05
46839596,553,2019-12-06 08:23:46,27.691631666666662,85.32713,0.04
46840115,553,2019-12-06 08:24:16,27.691631666666662,85.32713333333334,0.08
46840674,553,2019-12-06 08:24:46,27.69161833333333,85.32713666666666,0.17
46841230,553,2019-12-06 08:25:15,27.691575,85.32713166666667,0.07
46841764,553,2019-12-06 08:25:45,27.691556666666667,85.32713666666666,0.05
46842315,553,2019-12-06 08:26:15,27.691556666666667,85.32714333333334,0.07
46842837,553,2019-12-06 08:26:45,27.691556666666667,85.32712833333333,0.06
46843389,553,2019-12-06 08:27:14,27.69157,85.32714166666666,0.18
46843901,553,2019-12-06 08:27:44,27.69156,85.32714833333333,0.2
46844467,553,2019-12-06 08:28:14,27.69154333333333,85.32713833333334,0.11
46845025,553,2019-12-06 08:28:44,27.691526666666668,85.32713,0.1
46845569,553,2019-12-06 08:29:14,27.691575,85.32715166666667,0.07
46846077,553,2019-12-06 08:29:43,27.691615,85.32714,0.32
46846612,553,2019-12-06 08:30:13,27.691595,85.32712666666667,0.01
46847129,553,2019-12-06 08:30:43,27.691576666666663,85.32712333333333,0.37
46847658,553,2019-12-06 08:31:13,27.691561666666665,85.32710666666667,0.25
46848186,553,2019-12-06 08:31:43,27.691565,85.32710333333333,0.16
46848708,553,2019-12-06 08:32:12,27.69154333333333,85.327095,0.4
46849235,553,2019-12-06 08:32:42,27.691521666666667,85.32709166666666,0.44
46849775,553,2019-12-06 08:33:12,27.69151,85.327095,0.13
46850285,553,2019-12-06 08:33:42,27.691523333333333,85.32710166666666,0.22
46850788,553,2019-12-06 08:34:11,27.691536666666668,85.32711166666667,0.05
46851305,553,2019-12-06 08:34:41,27.69158,85.32713333333334,0.09
46851824,553,2019-12-06 08:35:11,27.69156333333333,85.327125,0.16
46852338,553,2019-12-06 08:35:41,27.69158333333333,85.32712666666667,0.15
46852856,553,2019-12-06 08:36:11,27.69155,85.32711166666667,0.15
46853393,553,2019-12-06 08:36:40,27.69153,85.32710833333333,0.05
46853968,553,2019-12-06 08:37:10,27.691523333333333,85.32711,0.22
46854533,553,2019-12-06 08:37:40,27.691551666666665,85.32710666666667,0.12
46855071,553,2019-12-06 08:38:10,27.691566666666667,85.32710166666666,0.06
46855605,553,2019-12-06 08:38:39,27.69156333333333,85.3271,0.4
46856110,553,2019-12-06 08:39:09,27.69157833333333,85.32711166666667,0.14
46856622,553,2019-12-06 08:39:39,27.6916,85.32711833333333,0.07
46857133,553,2019-12-06 08:40:09,27.691601666666667,85.32712333333333,0.09
46857676,553,2019-12-06 08:40:39,27.69159833333333,85.32711333333333,0.08
46858181,553,2019-12-06 08:41:08,27.69159833333333,85.32710166666666,0.02
46858704,553,2019-12-06 08:41:39,27.69157833333333,85.32711333333333,0.08
46859198,553,2019-12-06 08:42:08,27.691575,85.32711,0.05
46859723,553,2019-12-06 08:42:38,27.691546666666667,85.3271,0.08
46860246,553,2019-12-06 08:43:08,27.69153833333333,85.32711,0.1
46860746,553,2019-12-06 08:43:37,27.691525,85.32710333333333,0.06
46861257,553,2019-12-06 08:44:07,27.691485,85.32708333333333,0.07
46861761,553,2019-12-06 08:44:37,27.691548333333333,85.32709666666666,0.05
46862292,553,2019-12-06 08:45:07,27.69153333333333,85.32708166666667,0.0
46862801,553,2019-12-06 08:45:36,27.691526666666668,85.32708333333333,0.01
46863310,553,2019-12-06 08:46:06,27.69154333333333,85.32709333333334,0.12
46863827,553,2019-12-06 08:46:36,27.69151833333333,85.32707666666667,0.03
46864333,553,2019-12-06 08:47:06,27.691523333333333,85.32708166666667,0.02
46864847,553,2019-12-06 08:47:36,27.69154333333333,85.32708666666667,0.07
46865362,553,2019-12-06 08:48:05,27.69156,85.32707666666667,0.07
46865883,553,2019-12-06 08:48:35,27.691591666666667,85.32709166666666,0.05
46866408,553,2019-12-06 08:49:05,27.691595,85.32709833333334,0.08
46866917,553,2019-12-06 08:49:35,27.69157,85.32708666666667,0.0
46867439,553,2019-12-06 08:50:04,27.691536666666668,85.32709,0.1
46867955,553,2019-12-06 08:50:34,27.691503333333333,85.32709,0.03
46868485,553,2019-12-06 08:51:04,27.691501666666667,85.32708666666667,0.0
46869047,553,2019-12-06 08:51:35,27.691495,85.327085,0.08
46869571,553,2019-12-06 08:52:04,27.69151833333333,85.32709166666666,0.06
46870090,553,2019-12-06 08:52:33,27.69153833333333,85.32710666666667,0.01
46870615,553,2019-12-06 08:53:03,27.691535,85.32711833333333,0.08
46871166,553,2019-12-06 08:53:34,27.69152833333333,85.327115,0.01
46871662,553,2019-12-06 08:54:03,27.69155333333333,85.32710333333333,0.06
46872201,553,2019-12-06 08:54:32,27.69155,85.32710333333333,0.12
46872724,553,2019-12-06 08:55:02,27.69153,85.32710333333333,0.12
46873236,553,2019-12-06 08:55:32,27.691531666666663,85.32709333333334,0.05
46873769,553,2019-12-06 08:56:02,27.691516666666665,85.32708333333333,0.01
46874296,553,2019-12-06 08:56:32,27.691496666666666,85.32708833333334,0.08
46874818,553,2019-12-06 08:57:02,27.691505,85.32710166666666,0.03
46875329,553,2019-12-06 08:57:31,27.691486666666663,85.32709833333334,0.06
46875834,553,2019-12-06 08:58:01,27.69148333333333,85.32710333333333,0.09
46876341,553,2019-12-06 08:58:31,27.69149833333333,85.32711333333333,0.03
46876865,553,2019-12-06 08:59:00,27.69151,85.32711666666667,0.02
46877413,553,2019-12-06 08:59:30,27.69149833333333,85.32712333333333,0.11
46877926,553,2019-12-06 09:00:00,27.691515,85.32711666666667,0.18
46878430,553,2019-12-06 09:00:30,27.691548333333333,85.327115,0.14
46878940,553,2019-12-06 09:01:00,27.691541666666662,85.32709333333334,0.05
46879479,553,2019-12-06 09:01:30,27.691511666666667,85.32709,0.04
46879967,553,2019-12-06 09:01:59,27.691521666666667,85.32709666666666,0.08
46880482,553,2019-12-06 09:02:29,27.69152833333333,85.32709833333334,0.01
46880984,553,2019-12-06 09:02:59,27.69153833333333,85.3271,0.03
46881516,553,2019-12-06 09:03:29,27.69155,85.32711333333333,0.01
46882018,553,2019-12-06 09:03:58,27.69154,85.32711333333333,0.04
46882526,553,2019-12-06 09:04:28,27.691545,85.32710666666667,0.01
46883019,553,2019-12-06 09:04:58,27.691566666666667,85.32712,0.02
46883520,553,2019-12-06 09:05:28,27.691561666666665,85.32711666666667,0.17
46884047,553,2019-12-06 09:05:58,27.69153,85.32709833333334,0.0
46884593,553,2019-12-06 09:06:27,27.691535,85.327105,0.05
46885132,553,2019-12-06 09:06:57,27.691535,85.32710666666667,0.07
46885666,553,2019-12-06 09:07:27,27.691545,85.32709833333334,0.03
46886183,553,2019-12-06 09:07:57,27.691551666666665,85.32707833333333,0.05
46886707,553,2019-12-06 09:08:26,27.691526666666668,85.32708166666667,0.04
46887247,553,2019-12-06 09:08:56,27.69149833333333,85.32708333333333,0.13
46887765,553,2019-12-06 09:09:26,27.691496666666666,85.32707333333333,0.03
46888293,553,2019-12-06 09:09:56,27.691491666666668,85.32705333333334,0.13
46888812,553,2019-12-06 09:10:26,27.69149833333333,85.32705666666666,0.02
46889330,553,2019-12-06 09:10:55,27.691516666666665,85.32707,0.11
46889863,553,2019-12-06 09:11:26,27.6915,85.327075,0.1
46890366,553,2019-12-06 09:11:55,27.691491666666668,85.327075,0.04
46890887,553,2019-12-06 09:12:25,27.69152,85.327045,0.14
46891405,553,2019-12-06 09:12:54,27.691505,85.32706,0.18
46891951,553,2019-12-06 09:13:24,27.69146333333333,85.32704166666667,0.01
46892473,553,2019-12-06 09:13:54,27.691425,85.327045,0.04
46892998,553,2019-12-06 09:14:24,27.691413333333333,85.32703833333333,0.08
46893516,553,2019-12-06 09:14:54,27.691405,85.327045,0.02
46894042,553,2019-12-06 09:15:23,27.691401666666668,85.327045,0.0
46894580,553,2019-12-06 09:15:53,27.691416666666665,85.32706,0.18
46895125,553,2019-12-06 09:16:23,27.691416666666665,85.32706666666667,0.01
46895641,553,2019-12-06 09:16:53,27.69141833333333,85.32706166666667,0.09
46896164,553,2019-12-06 09:17:23,27.691441666666663,85.32707333333333,0.05
46896680,553,2019-12-06 09:17:52,27.691506666666665,85.32709166666666,0.12
46897189,553,2019-12-06 09:18:22,27.691536666666668,85.32709,0.15
46897690,553,2019-12-06 09:18:52,27.691526666666668,85.32707833333333,0.04
46898211,553,2019-12-06 09:19:22,27.69153,85.32709,0.14
46898746,553,2019-12-06 09:19:51,27.691521666666667,85.32708,0.06
46899294,553,2019-12-06 09:20:21,27.69151833333333,85.32707,0.14
46899816,553,2019-12-06 09:20:51,27.691516666666665,85.32706666666667,0.1
46900389,553,2019-12-06 09:21:22,27.691523333333333,85.32707666666667,0.23
46900922,553,2019-12-06 09:21:51,27.691541666666662,85.32707833333333,0.08
46901441,553,2019-12-06 09:22:20,27.691531666666663,85.32708333333333,0.12
46901939,553,2019-12-06 09:22:50,27.691505,85.32706833333333,0.07
46902471,553,2019-12-06 09:23:20,27.69148333333333,85.32705333333334,0.11
46902985,553,2019-12-06 09:23:50,27.691456666666667,85.32704833333334,0.06
46903496,553,2019-12-06 09:24:20,27.691461666666665,85.327055,0.05
46904023,553,2019-12-06 09:24:49,27.69146333333333,85.327045,0.03
46904535,553,2019-12-06 09:25:19,27.691431666666663,85.327035,0.13
46905076,553,2019-12-06 09:25:49,27.691471666666665,85.32704,0.03
46905604,553,2019-12-06 09:26:19,27.691466666666667,85.327045,0.12
46906112,553,2019-12-06 09:26:48,27.69147,85.32705333333334,0.07
46906623,553,2019-12-06 09:27:18,27.691466666666667,85.32706666666667,0.07
46907130,553,2019-12-06 09:27:48,27.6915,85.327075,0.08
46907638,553,2019-12-06 09:28:18,27.69151833333333,85.32708666666667,0.02
46908166,553,2019-12-06 09:28:48,27.69149833333333,85.327085,0.04
46908678,553,2019-12-06 09:29:17,27.69148333333333,85.32707333333333,0.03
46909203,553,2019-12-06 09:29:47,27.69148,85.32707666666667,0.05
46909716,553,2019-12-06 09:30:17,27.691495,85.32709,0.05
46910240,553,2019-12-06 09:30:47,27.691471666666665,85.32709333333334,0.07
46910778,553,2019-12-06 09:31:17,27.691441666666663,85.32706833333333,0.06
46911286,553,2019-12-06 09:31:46,27.69142833333333,85.32708333333333,0.05
46911818,553,2019-12-06 09:32:16,27.691455,85.32709166666666,0.05
46912333,553,2019-12-06 09:32:46,27.691458333333333,85.32708,0.04
46912862,553,2019-12-06 09:33:16,27.691456666666667,85.32706666666667,0.03
46913386,553,2019-12-06 09:33:46,27.691436666666668,85.32704833333334,0.03
46913989,553,2019-12-06 09:34:20,27.691435,85.327045,0.09
46914432,553,2019-12-06 09:34:45,27.69145,85.32706833333333,0.0
46914941,553,2019-12-06 09:35:15,27.69146333333333,85.32706833333333,0.15
46915486,553,2019-12-06 09:35:45,27.691448333333334,85.32707,0.03
46916014,553,2019-12-06 09:36:14,27.69141,85.32706166666667,0.03
46916541,553,2019-12-06 09:36:44,27.69138833333333,85.32705666666666,0.07
46917077,553,2019-12-06 09:37:14,27.69137333333333,85.32706333333333,0.08
46917585,553,2019-12-06 09:37:44,27.69139333333333,85.32707666666667,0.19
46918097,553,2019-12-06 09:38:14,27.69141,85.327095,0.04
46918635,553,2019-12-06 09:38:43,27.6915,85.32711,0.01
46919147,553,2019-12-06 09:39:13,27.691471666666665,85.32710333333333,0.03
46919743,553,2019-12-06 09:39:43,27.691466666666667,85.3271,0.07
46920315,553,2019-12-06 09:40:13,27.691525,85.327105,0.12
46920854,553,2019-12-06 09:40:42,27.691548333333333,85.32712,0.09
46921394,553,2019-12-06 09:41:13,27.691586666666662,85.327145,0.04
46921887,553,2019-12-06 09:41:42,27.69158,85.327155,0.06
46922398,553,2019-12-06 09:42:12,27.69154,85.32715166666667,0.08
46922948,553,2019-12-06 09:42:42,27.69152,85.327145,0.19
46923459,553,2019-12-06 09:43:11,27.691511666666667,85.327145,0.18
46923987,553,2019-12-06 09:43:41,27.69150833333333,85.32712833333333,0.17
46924515,553,2019-12-06 09:44:11,27.691493333333334,85.32711833333333,0.24
46925050,553,2019-12-06 09:44:41,27.69149833333333,85.32713,0.1
46925567,553,2019-12-06 09:45:11,27.691465,85.32712166666667,0.01
46926086,553,2019-12-06 09:45:40,27.69143833333333,85.3271,0.01
46926625,553,2019-12-06 09:46:10,27.691423333333333,85.32707666666667,0.03
46927154,553,2019-12-06 09:46:40,27.691475,85.32707166666667,0.01
46927682,553,2019-12-06 09:47:10,27.691478333333333,85.32707666666667,0.03
46928203,553,2019-12-06 09:47:40,27.691445,85.32707666666667,0.08
46928739,553,2019-12-06 09:48:09,27.691456666666667,85.32709,0.1
46929279,553,2019-12-06 09:48:39,27.691525,85.32710666666667,0.05
46929796,553,2019-12-06 09:49:09,27.691548333333333,85.32708666666667,0.11
46930313,553,2019-12-06 09:49:39,27.69154,85.32709166666666,0.06
46930843,553,2019-12-06 09:50:08,27.691565,85.32710333333333,0.15
46931364,553,2019-12-06 09:50:38,27.69164333333333,85.327125,0.24
46931892,553,2019-12-06 09:51:09,27.691671666666668,85.32713333333334,0.01
46932387,553,2019-12-06 09:51:38,27.691546666666667,85.32711666666667,0.02
46932936,553,2019-12-06 09:52:08,27.691455,85.3271,0.01
46933446,553,2019-12-06 09:52:37,27.69143,85.327085,0.06
46933963,553,2019-12-06 09:53:07,27.691458333333333,85.32708333333333,0.19
46934504,553,2019-12-06 09:53:37,27.691516666666665,85.32709166666666,0.08
46935034,553,2019-12-06 09:54:07,27.69151833333333,85.32710833333333,0.24
46935565,553,2019-12-06 09:54:36,27.69151,85.32711833333333,0.24
46936105,553,2019-12-06 09:55:06,27.69151,85.32711166666667,0.08
46936631,553,2019-12-06 09:55:36,27.691585,85.32713166666667,0.33
46937165,553,2019-12-06 09:56:06,27.69166,85.327145,0.08
46937682,553,2019-12-06 09:56:36,27.69173,85.32719166666666,0.24
46938203,553,2019-12-06 09:57:05,27.69163333333333,85.32712666666667,0.13
46938737,553,2019-12-06 09:57:35,27.69166333333333,85.327135,0.04
46939263,553,2019-12-06 09:58:05,27.691715,85.32716166666667,0.06
46939780,553,2019-12-06 09:58:35,27.691613333333333,85.32713,0.43
46940321,553,2019-12-06 09:59:06,27.691495,85.32705666666666,0.17
46940852,553,2019-12-06 09:59:34,27.69149,85.327025,0.04
46941378,553,2019-12-06 10:00:04,27.691541666666662,85.32702833333333,0.26
46941898,553,2019-12-06 10:00:34,27.691605,85.32706833333333,0.65
46942445,553,2019-12-06 10:01:05,27.69167,85.327105,0.15
46943007,553,2019-12-06 10:01:34,27.69169833333333,85.327105,0.25
46943550,553,2019-12-06 10:02:04,27.69171833333333,85.32709333333334,0.6
46944061,553,2019-12-06 10:02:33,27.69168,85.32710666666667,0.39
46944599,553,2019-12-06 10:03:03,27.691745,85.32714666666666,0.47
46945132,553,2019-12-06 10:03:33,27.691625,85.32716166666667,0.6
46945715,553,2019-12-06 10:04:04,27.691621666666663,85.32716333333333,0.31
46946232,553,2019-12-06 10:04:32,27.691776666666662,85.327155,0.32
46946809,553,2019-12-06 10:05:02,27.691625,85.32713,0.05
46947368,553,2019-12-06 10:05:32,27.691558333333333,85.32709,0.22
46947893,553,2019-12-06 10:06:02,27.691615,85.32710333333333,0.07
46948420,553,2019-12-06 10:06:32,27.691581666666668,85.32707666666667,0.02
46948922,553,2019-12-06 10:07:01,27.69146333333333,85.32702333333333,0.16
46949438,553,2019-12-06 10:07:31,27.69144333333333,85.32701666666667,0.36
46949959,553,2019-12-06 10:08:01,27.69142833333333,85.32703666666667,0.26
46950473,553,2019-12-06 10:08:31,27.691525,85.32707333333333,0.19
46950987,553,2019-12-06 10:09:00,27.69152833333333,85.327095,0.1
46951511,553,2019-12-06 10:09:30,27.69161,85.32713166666667,0.09
46952030,553,2019-12-06 10:10:00,27.691575,85.32711166666667,0.15
46952548,553,2019-12-06 10:10:30,27.69158333333333,85.32710666666667,0.44
46953088,553,2019-12-06 10:11:00,27.691593333333334,85.327115,0.22
46953579,553,2019-12-06 10:11:29,27.691565,85.32710833333333,0.09
46954091,553,2019-12-06 10:11:59,27.691566666666667,85.32711666666667,0.04
46954601,553,2019-12-06 10:12:29,27.69169833333333,85.32713333333334,0.04
46955113,553,2019-12-06 10:12:59,27.69171833333333,85.327145,0.31
46955622,553,2019-12-06 10:13:28,27.691651666666665,85.32711666666667,0.2
46956139,553,2019-12-06 10:13:58,27.691595,85.327105,0.06
46956655,553,2019-12-06 10:14:28,27.691545,85.32708833333334,0.03
46957199,553,2019-12-06 10:14:58,27.691521666666667,85.32707166666667,0.08
46957744,553,2019-12-06 10:15:28,27.691511666666667,85.32706666666667,0.05
46958278,553,2019-12-06 10:15:57,27.691481666666668,85.32707166666667,0.03
46958816,553,2019-12-06 10:16:27,27.69152,85.32707833333333,0.06
46959321,553,2019-12-06 10:16:57,27.691523333333333,85.32705,0.06
46959841,553,2019-12-06 10:17:27,27.691501666666667,85.32704333333334,0.05
46960372,553,2019-12-06 10:17:56,27.691516666666665,85.327055,0.13
46960882,553,2019-12-06 10:18:26,27.69154333333333,85.32707333333333,0.04
46961386,553,2019-12-06 10:18:56,27.69155333333333,85.32707333333333,0.11
46961884,553,2019-12-06 10:19:26,27.69152833333333,85.32705666666666,0.08
46962398,553,2019-12-06 10:19:56,27.691503333333333,85.32705,0.02
46962905,553,2019-12-06 10:20:25,27.69148,85.32703833333333,0.08
46963431,553,2019-12-06 10:20:56,27.69145333333333,85.327025,0.04
46963915,553,2019-12-06 10:21:25,27.691485,85.32704666666666,0.15
46964429,553,2019-12-06 10:21:55,27.691505,85.32704666666666,0.17
46964961,553,2019-12-06 10:22:25,27.691475,85.32702,0.06
46965482,553,2019-12-06 10:22:54,27.69145333333333,85.32701166666666,0.16
46966032,553,2019-12-06 10:23:24,27.691505,85.32703166666667,0.02
46966567,553,2019-12-06 10:23:54,27.69152833333333,85.32708,0.07
46967070,553,2019-12-06 10:24:24,27.691565,85.327095,0.13
46967579,553,2019-12-06 10:24:53,27.691526666666668,85.32705833333333,0.06
46968100,553,2019-12-06 10:25:23,27.691525,85.32705166666666,0.15
46968636,553,2019-12-06 10:25:54,27.691548333333333,85.32705666666666,0.02
46969141,553,2019-12-06 10:26:23,27.691548333333333,85.32705,0.05
46969634,553,2019-12-06 10:26:53,27.691506666666665,85.327045,0.03
46970151,553,2019-12-06 10:27:22,27.691495,85.32704333333334,0.07
46970667,553,2019-12-06 10:27:52,27.691455,85.32704833333334,0.09
46971187,553,2019-12-06 10:28:22,27.691478333333333,85.32704,0.03
46971690,553,2019-12-06 10:28:52,27.691466666666667,85.32701333333333,0.1
46972206,553,2019-12-06 10:29:21,27.691455,85.327015,0.06
46972724,553,2019-12-06 10:29:51,27.69146,85.32702666666667,0.06
46973227,553,2019-12-06 10:30:21,27.69146,85.32701333333333,0.03
46973750,553,2019-12-06 10:30:52,27.691468333333333,85.32700833333334,0.23
46974249,553,2019-12-06 10:31:21,27.69147333333333,85.32700166666666,0.24
46974768,553,2019-12-06 10:31:50,27.691513333333333,85.32704333333334,0.39
46975304,553,2019-12-06 10:32:20,27.691521666666667,85.32706333333333,0.14
46975855,553,2019-12-06 10:32:50,27.691481666666668,85.327025,0.26
46976398,553,2019-12-06 10:33:20,27.691516666666665,85.32706833333333,0.03
46976929,553,2019-12-06 10:33:50,27.691561666666665,85.32711,0.17
46977431,553,2019-12-06 10:34:19,27.691596666666666,85.32710833333333,0.04
46977937,553,2019-12-06 10:34:49,27.691558333333333,85.32704666666666,0.23
46978448,553,2019-12-06 10:35:19,27.691548333333333,85.32704166666667,0.22
46978961,553,2019-12-06 10:35:49,27.691546666666667,85.327065,0.1
46979465,553,2019-12-06 10:36:19,27.69153333333333,85.32703833333333,0.07
46979968,553,2019-12-06 10:36:48,27.691485,85.32701666666667,0.3
46980482,553,2019-12-06 10:37:18,27.691478333333333,85.32700333333334,0.11
46980993,553,2019-12-06 10:37:48,27.69143833333333,85.326985,0.11
